period,orbital_cycle,frequency
0.4056795,eccentricity,2.4650000801125023
0.09487666,eccentricity,10.540000037943999
0.09886307,eccentricity,10.115000474899272
0.05044341,obliquity,19.824195073251392
0.0391,obliquity,25.57544757033248
0.02791299,obliquity,35.82561381
0.02241,precession,44.62293618920125
0.018605,precession,53.74899221