median,CI_2.5,CI_97.5
0.00059,0.00090,0.00095