median,CI_2.5,CI_97.5
5.949613496744451e-4,8.997521485020313e-4,9.487233965302774e-4
