n_ages,median,CI_2.5,CI_97.5
2,0.0035667985047599716,0.0039037033961546565,0.006778704154007451
4,0.009552814242052957,0.00977611124878696,0.013598968946095006
6,0.013968659421119673,0.012891668918885647,0.01763166344006393
8,0.01183498363630644,0.01108473068169204,0.014859085698017346
