median,CI_2.5,CI_97.5
0.000632,0.000961,0.001255