id,age,age_sd,position,thickness
bent_D,0.6195052,0.009292578,1.24,0
bent_E,0.8174484,0.012261727,3.49,0
bent_F,1.2891245,0.019336867,6.99,0
bent_G,1.4647487,0.021971231,9.49,0